k,Energy,Fidelity
0,0,0.35240100703008
1,-0.71274561938235,0.41270324301264
2,-1.3440670182917,0.47379880479493
3,-1.8857753170085,0.53341550483299
4,-2.337600220281,0.5896559333493
5,-2.7055765112431,0.64121242696876
6,-2.9997072051251,0.68740473275707
7,-3.2316552277662,0.72808202512996
8,-3.4129740646041,0.76346438805541
9,-3.5540407022541,0.79398674791787
10,-3.6635955668691,0.82017776915636
11,-3.7486906516501,0.84258039733052
12,-3.8148565028256,0.86170713998908
13,-3.8663539406967,0.87801938643787
14,-3.9064329626183,0.89192127703042
15,-3.9375623311493,0.90376134892139
16,-3.9616178688603,0.91383772361103
17,-3.9800299322308,0.92240444941848
18,-3.9938956917825,0.92967778752072
19,-4.0040631570418,0.9358419102856
20,-4.0111934440769,0.94105384239975
21,-4.0158067123499,0.94544765008964
22,-4.0183160347703,0.9491379564424
23,-4.0190524321202,0.95222288179968
24,-4.0182834661674,0.95478650538537
25,-4.0162271411548,0.95690093232816
26,-4.013062381805,0.95862803612735
27,-4.0089370031291,0.96002093345599
28,-4.0039738319182,0.96112523706188
29,-3.9982754562639,0.96198012354403
30,-3.991927948094,0.9626192457054
31,-3.9850038098005,0.96307151365973
32,-3.9775643288506,0.96336176455848
33,-3.9696614760768,0.96351133741698
34,-3.9613394486308,0.9635385668281
35,-3.9526359334488,0.96345920718861
36,-3.9435831487571,0.96328679729947
37,-3.9342087076893,0.96303297374574
38,-3.9245363381275,0.96270774024712
39,-3.9145864854285,0.96231969914612
40,-3.9043768190849,0.96187625033295
41,-3.8939226600858,0.96138376216426
42,-3.8832373424512,0.96084771829825
43,-3.8723325198523,0.96027284382249
44,-3.8612184262216,0.95966321358123
45,-3.8499040976639,0.959022345204
46,-3.8383975617079,0.95835327898846
47,-3.8267059989133,0.95765864648936
48,-3.8148358810149,0.95694072940634
49,-3.8027930891071,0.95620151013942
50,-3.7905830148109,0.95544271518895
51,-3.7782106469044,0.95466585241048
52,-3.7656806455127,0.95387224299274
53,-3.7529974056321,0.95306304890411
54,-3.7401651114966,0.95223929644729
55,-3.7271877830663,0.95140189647155
56,-3.7140693157297,0.95055166171369
57,-3.70081351415,0.94968932167228
58,-3.68742412105,0.94881553536219
59,-3.673904841614,0.94793090224711
60,-3.6602593640898,0.94703597160568
61,-3.6464913770877,0.94613125055037
62,-3.6326045840048,0.94521721088732
63,-3.618602714943,0.9442942949786
64,-3.6044895364344,0.94336292074553
65,-3.5902688592502,0.94242348593206
66,-3.5759445445255,0.94147637173044
67,-3.5615205084049,0.94052194585707
68,-3.5470007253848,0.93956056515382
69,-3.5323892305072,0.93859257778003
70,-3.5176901205361,0.93761832505069
71,-3.5029075542364,0.93663814296911
72,-3.4880457518557,0.93565236349544
73,-3.4731089939002,0.93466131558659
74,-3.458101619285,0.93366532603862
75,-3.4430280229299,0.93266472015801
76,-3.4278926528632,0.93165982228489
77,-3.4127000068922,0.93065095618826
78,-3.397454628891,0.9296384453504
79,-3.382161104753,0.92862261315554
80,-3.3668240580502,0.92760378299584
81,-3.3514481454396,0.92658227830621
82,-3.3360380518519,0.92555842253786
83,-3.3205984854982,0.92453253907928
84,-3.3051341727228,0.92350495113244
85,-3.289649852735,0.92247598155095
86,-3.2741502722458,0.9214459526461
87,-3.2586401800344,0.92041518596612
88,-3.2431243214723,0.91938400205333
89,-3.227607433024,0.91835272018338
90,-3.2120942367502,0.91732165809029
91,-3.1965894348312,0.91629113168063
92,-3.1810977041321,0.91526145473981
93,-3.1656236908266,0.91423293863326
94,-3.1501720050992,0.91320589200473
95,-3.1347472159397,0.91218062047405
96,-3.1193538460469,0.91115742633625
97,-3.103996366856,0.91013660826374
98,-3.0886791937024,0.90911846101323
99,-3.0734066811345,0.90810327513875
100,-3.0581831183875,0.90709133671204
101,-3.043012725028,0.90608292705153
102,-3.0278996467791,0.90507832246079
103,-3.0128479515348,0.90407779397744
104,-2.9978616255703,0.90308160713336
105,-2.9829445699564,0.90209002172666
106,-2.9681005971814,0.90110329160631
107,-2.9533334279876,0.90012166446962
108,-2.9386466884244,0.89914538167323
109,-2.9240439071215,0.89817467805777
110,-2.9095285127841,0.89720978178655
111,-2.8951038319125,0.89625091419838
112,-2.8807730867435,0.8952982896747
113,-2.8665393934168,0.89435211552103
114,-2.8524057603626,0.8934125918628
115,-2.8383750869096,0.89247991155531
116,-2.8244501621108,0.89155426010797
117,-2.8106336637839,0.89063581562242
118,-2.7969281577617,0.88972474874444
119,-2.78333609735,0.88882122262935
120,-2.7698598229861,0.8879253929206
121,-2.7565015620934,0.88703740774128
122,-2.7432634291272,0.88615740769809
123,-2.7301474258044,0.88528552589747
124,-2.7171554415101,0.88442188797341
125,-2.7042892538766,0.88356661212655
126,-2.691550529525,0.8827198091741
127,-2.6789408249646,0.88188158261003
128,-2.6664615876398,0.88105202867523
129,-2.6541141571204,0.88023123643689
130,-2.6418997664242,0.87941928787683
131,-2.6298195434663,0.87861625798811
132,-2.6178745126266,0.87782221487946
133,-2.6060655964268,0.87703721988703
134,-2.5943936173112,0.87626132769292
135,-2.582859299521,0.87549458644996
136,-2.5714632710562,0.87473703791229
137,-2.5602060657167,0.87398871757116
138,-2.5490881252158,0.87324965479554
139,-2.5381098013578,0.87251987297695
140,-2.5272713582729,0.87179938967819
141,-2.5165729747035,0.87108821678531
142,-2.5060147463333,0.87038636066257
143,-2.4955966881537,0.86969382230975
144,-2.4853187368613,0.86901059752164
145,-2.4751807532798,0.86833667704902
146,-2.4651825248003,0.86767204676099
147,-2.4553237678356,0.86701668780806
148,-2.4456041302812,0.86637057678586
149,-2.4360231939793,0.86573368589894
150,-2.4265804771809,0.8651059831244
151,-2.4172754369998,0.86448743237517
152,-2.4081074718567,0.86387799366236
153,-2.3990759239068,0.86327762325674
154,-2.3901800814485,0.86268627384885
155,-2.3814191813092,0.86210389470761
156,-2.3727924112052,0.86153043183717
157,-2.3642989120712,0.86096582813184
158,-2.3559377803588,0.86041002352884
159,-2.3477080702995,0.85986295515876
160,-2.3396087961302,0.85932455749349
161,-2.3316389342799,0.85879476249163
162,-2.3237974255144,0.85827349974101
163,-2.3160831770379,0.85776069659841
164,-2.3084950645499,0.85725627832634
165,-2.3010319342559,0.85676016822664
166,-2.2936926048305,0.85627228777105
167,-2.2864758693324,0.85579255672844
168,-2.27938049707,0.85532089328889
169,-2.2724052354168,0.85485721418432
170,-2.2655488115769,0.8544014348059
171,-2.2588099342987,0.85395346931793
172,-2.2521872955381,0.85351323076843
173,-2.2456795720702,0.85308063119626
174,-2.2392854270491,0.85265558173483
175,-2.2330035115175,0.85223799271242
176,-2.2268324658638,0.85182777374908
177,-2.2207709212294,0.85142483385016
178,-2.2148175008655,0.85102908149647
179,-2.2089708214389,0.85064042473117
180,-2.2032294942897,0.8502587712433
181,-2.1975921266392,0.84988402844808
182,-2.1920573227494,0.84951610356406
183,-2.1866236850364,0.84915490368702
184,-2.1812898151349,0.84880033586084
185,-2.1760543149191,0.84845230714529
186,-2.1709157874765,0.84811072468083
187,-2.1658728380391,0.84777549575044
188,-2.1609240748705,0.84744652783862
189,-2.1560681101111,0.8471237286876
190,-2.1513035605814,0.84680700635073
191,-2.1466290485462,0.84649626924323
192,-2.1420432024383,0.84619142619036
193,-2.1375446575445,0.84589238647299
194,-2.1331320566544,0.84559905987076
195,-2.1288040506729,0.84531135670274
196,-2.1245592991975,0.84502918786587
197,-2.1203964710618,0.84475246487102
198,-2.1163142448453,0.84448109987696
199,-2.1123113093523,0.84421500572213
200,-2.1083863640585,0.84395409595435
